APPIC Number,Site / Department,URL,Location,Application Due Date,Program,Last Updated
1692, Aurora Mental Health and Recovery/Psychology Internship Program,https://membership.appic.org/directory/display/741,"Aurora, CO, USA",11/01/2025 11:59 PM EST,Internship,7/31/2025
1165, Children's Hospital Stanford/Children's Health Council/Division of Child and Adolescent Psychiatry,https://membership.appic.org/directory/display/183,"Stanford, CA, USA",11/03/2025 11:59 PM EST,Internship,7/25/2025
2095,Access Institute for Psychological Services/Psychology,https://membership.appic.org/directory/display/475,"San Francisco, CA, USA",11/17/2025 11:59 PM EST,Internship,12/9/2025
2566,Achieve Behavioral Health/Psychology,https://membership.appic.org/directory/display/2904,"Monsey, NY, USA",11/21/2025 11:59 PM EST,Internship,7/31/2025
1708,AHRC New York City/Family and Clinical Services,https://membership.appic.org/directory/display/158,"New York, NY, USA",11/15/2025 11:59 PM EST,Internship,7/24/2025
2629,Akron Children's Hospital/Division of Psychology- Department of Psychiatry and Behavioral Health ,https://membership.appic.org/directory/display/3095,"Akron, OH, USA",11/01/2025 11:59 PM EST,Internship,7/18/2025
1443,Albert Einstein College of Medicine/Montefiore Medical Center/Department of Psychiatry and Behavioral Sciences,https://membership.appic.org/directory/display/738,"Bronx, NY, USA",11/03/2025 11:59 PM EST,Internship,10/30/2025
1792,Allina Health Psychology Internship Program/Allina Health Mental Health and Addiction Services,https://membership.appic.org/directory/display/1549,"Fridley, MN, USA",11/07/2025 11:59 PM EST,Internship,7/30/2025
1498,Andrus /Psychology Department,https://membership.appic.org/directory/display/22,"Yonkers, NY, USA",11/15/2026 11:59 PM EST,Internship,1/14/2026
1257,Ann & Robert H. Lurie Children's Hospital of Chicago (formerly Children's Memorial Hospital)/Department of Child and Adolescent Psychiatry #10,https://membership.appic.org/directory/display/297,"Chicago, IL, USA",11/01/2025 11:59 PM EST,Internship,7/31/2025
1506,"Applewood Centers, Inc./Psychology",https://membership.appic.org/directory/display/847,"Cleveland, OH, USA",11/07/2025 11:59 PM EST,Internship,10/30/2025
2136,Asian Americans for Community Involvement (AACI)/Behavioral Health ,https://membership.appic.org/directory/display/624,"San Jose, CA, USA",11/04/2025 11:59 PM EST,Internship,10/3/2025
1336,"Aspire Health Alliance (formerly South Shore Mental Health Center, Inc.)/Doctoral Internship Program",https://membership.appic.org/directory/display/544,"Braintree, MA, USA",11/05/2024 11:59 PM EST,Internship,12/3/2024
1488,Astor Services/Clinical,https://membership.appic.org/directory/display/270,"Rhinebeck, NY, USA",11/07/2025 11:59 PM EST,Internship,7/31/2025
2440,Auburn University/Student Counseling & Psychological Services,https://membership.appic.org/directory/display/2308,"Auburn, AL, USA",11/15/2025 11:59 PM EST,Internship,11/10/2025
2545,"Audrey Hepburn Children's House / Hackensack University Medical Center/Pediatrics, Hackensack University Medical Center",https://membership.appic.org/directory/display/2727,"Hackensack, NJ, USA",12/15/2025 11:59 PM EST,Internship,11/17/2025
2316,Avondale Elementary School District/Psychology,https://membership.appic.org/directory/display/1355,"Avondale, AZ, USA",12/01/2025 11:59 PM EST,Internship,8/29/2025
1785,"Baruch College, City University of New York/Counseling Center",https://membership.appic.org/directory/display/312,"New York, NY, USA",11/01/2023 11:59 PM EST,Internship,6/23/2025
1948,"Baylor College of Medicine/Texas Children's Hospital/Psychology Division, Department of Pediatrics",https://membership.appic.org/directory/display/459,"Houston, TX, USA",11/01/2025 11:59 PM EST,Internship,10/15/2025
2585,Bio Behavioral Institute/Bio Behavioral Institute,https://membership.appic.org/directory/display/3010,"Great Neck, NY , NY, USA",01/07/2026 11:59 PM EST,Internship,11/30/2025
2621,Boston Public Schools/Behavioral Health Services,https://membership.appic.org/directory/display/3025,"Dorchester, MA, USA",11/07/2025 11:59 PM EST,Internship,9/29/2025
2416,Brain and Body Integration-Colorado Springs/Brain and Body Integration,https://membership.appic.org/directory/display/2054,"COLORADO SPRINGS, CO, USA",06/30/2026 11:59 PM EST,Internship,10/26/2025
2417,Brain and Body Integration-Denver/Psychology,https://membership.appic.org/directory/display/2093,"Denver, CO, USA",07/17/2026 11:59 PM EST,Internship,10/26/2025
2626,"Bridges of the Mind Psychological Services, Inc./Bridges of the Mind Psychological Services, Inc.",https://membership.appic.org/directory/display/3286,"Sacramento, CA, USA",12/05/2025 11:59 PM EST,Internship,10/28/2025
1334,Cambridge Health Alliance /Harvard Medical School/Division of Psychology/Department of Psychiatry,https://membership.appic.org/directory/display/376,"Cambridge, MA, USA",11/01/2025 11:59 PM EST,Internship,8/22/2025
1384,"Canvas Health, formerly known as Human Services Inc. (HSI)/Psychological Services",https://membership.appic.org/directory/display/91,"Oakdale, MN, USA",11/21/2025 11:59 PM EST,Internship,9/16/2025
2612,CARE Counseling/CARE Counseling Internship Program,https://membership.appic.org/directory/display/3222,"St. Louis Park, MN, USA",12/01/2024 11:59 PM EST,Internship,3/4/2025
2472,CARES/Clinical Program,https://membership.appic.org/directory/display/2185,"New York, NY, USA",11/21/2025 11:59 PM EST,Internship,10/30/2025
2665,"Caring Hands & Open Hearts, LLC/CHOH - Service Provision",https://membership.appic.org/directory/display/3458,"Douglasville, GA, USA",12/31/2025 11:59 PM EST,Internship,1/12/2026
2471,Center for Anxiety/Center For Anxiety,https://membership.appic.org/directory/display/2599,"New York, NY, USA",11/01/2025 11:59 PM EST,Internship,11/25/2025
1967,Centerstone Consortium/Psychology Department,https://membership.appic.org/directory/display/496,"Bradenton, FL, USA",11/17/2025 11:59 PM EST,Internship,11/25/2025
2602,Centra /Behavioral Health ,https://membership.appic.org/directory/display/3131,"Lynchburg, VA, USA",12/19/2025 11:59 PM EST,Internship,12/11/2025
2654,Central Focus Psychological Group/Central Focus Psychological Group Clinical Training Program,https://membership.appic.org/directory/display/3065,"Colorado Springs, CO, USA",11/28/2025 11:59 PM EST,Internship,8/25/2025
2330,Central New York Psychiatric Center Doctoral Internship in Health Service Psychology/Psychology,https://membership.appic.org/directory/display/2055,"Marcy, NY, USA",11/16/2025 11:59 PM EST,Internship,10/31/2025
1908,Central Regional Hospital/Department of Psychology,https://membership.appic.org/directory/display/388,"Butner, NC, USA",11/01/2025 11:59 PM EST,Internship,11/5/2025
2587,Central Valley Behavioral Health/Ascend Behavioral Health,https://membership.appic.org/directory/display/3050,"Fresno, CA, USA",12/08/2025 11:59 PM EST,Internship,11/19/2025
1552,Charleston Consortium Internship/Psychiatry & Behavioral Sciences,https://membership.appic.org/directory/display/293,"Charleston, SC, USA",11/01/2025 11:59 PM EST,Internship,7/24/2025
2588,Chatham University - Excela Health System Consortium/Counseling Center,https://membership.appic.org/directory/display/2993,"Pittsburgh, PA, USA",11/30/2024 11:59 PM EST,Internship,6/27/2025
1673,Chicago Area Christian Training Consortium/Internship in Health Service Psychology,https://membership.appic.org/directory/display/113,"Carol Stream, IL, USA",11/01/2025 11:59 PM EST,Internship,9/12/2025
1502,Child and Adolescent Behavioral Health /CMHC/Child Facility,https://membership.appic.org/directory/display/771,"Canton, OH, USA",11/15/2025 11:59 PM EST,Internship,7/31/2025
1143,Child and Family Guidance Center/Training Program,https://membership.appic.org/directory/display/562,"Northridge, CA, USA",11/22/2025 11:59 PM EST,Internship,7/29/2025
1605,Child Guidance Center of Southern Connecticut/Psychology,https://membership.appic.org/directory/display/618,"Stamford, CT, USA",11/02/2025 11:59 PM EST,Internship,10/6/2025
1306,"Children's Healthcare of Atlanta Doctoral Internship in Health Service Psychology at Emory University School of Medicine, Department of Pediatrics/Doctoral Psychology Internship",https://membership.appic.org/directory/display/577,"Atlanta, GA, USA",11/01/2025 11:59 PM EST,Internship,8/20/2025
1171,Children's Hospital Colorado/Pediatric Mental Health Institute,https://membership.appic.org/directory/display/462,"Aurora, CO, USA",11/01/2025 11:59 PM EST,Internship,11/3/2025
1137,Children's Hospital Los Angeles/Childrens Hospital Los Angeles - University of Southern California,https://membership.appic.org/directory/display/395,"Los Angeles, CA, USA",11/01/2025 11:59 PM EST,Internship,6/20/2025
1362,Children's Hospital of Michigan/Department Child Psychiatry & Psychology ,https://membership.appic.org/directory/display/289,"Detroit, MI, USA",11/08/2025 11:59 PM EST,Internship,11/7/2025
1146,Children's Hospital of Orange County/Department of Pediatric Psychology,https://membership.appic.org/directory/display/336,"Orange, CA, USA",11/01/2025 11:59 PM EST,Internship,7/31/2025
1538,Children's Hospital of Philadelphia/Department of Child and Adolescent Psychiatry and Behavioral Sciences,https://membership.appic.org/directory/display/705,"Philadelphia, PA, USA",11/02/2025 11:59 PM EST,Internship,8/1/2025
1187,Children's National Hospital/Department of Psychology,https://membership.appic.org/directory/display/841,"Washington, DC, USA",11/01/2025 11:59 PM EST,Internship,7/17/2025
2543,Children's Program/Child & Family Clinic,https://membership.appic.org/directory/display/2647,"Portland, OR, USA",12/01/2025 11:59 PM EST,Internship,7/18/2025
2509,Christ Community Health Services/Behavioral Health,https://membership.appic.org/directory/display/2639,"Memphis, TN, USA",12/01/2025 11:59 PM EST,Internship,11/12/2025
1503,Cincinnati Children's Hospital Medical Center/O'Grady Residency in Psychology,https://membership.appic.org/directory/display/548,"Cincinnati, OH, USA",11/01/2025 11:59 PM EST,Internship,7/24/2025
1217,Citrus Health Network/Psychology Training Program,https://membership.appic.org/directory/display/543,"Miami, FL, USA",11/15/2025 11:59 PM EST,Internship,7/25/2025
2634,Clarity Child Guidance Center/Psychology/Outpatient,https://membership.appic.org/directory/display/3279,"San Antonio, TX USA, TX, USA",12/05/2025 11:59 PM EST,Internship,6/30/2025
2541,Clarity Clinic/Therapy,https://membership.appic.org/directory/display/2859,"CHICAGO, IL, USA",11/03/2025 11:59 PM EST,Internship,1/9/2026
2375,Cleveland Clinic Children's/Pediatric Behavioral Health,https://membership.appic.org/directory/display/1714,"Cleveland, OH, USA",11/01/2025 11:59 PM EST,Internship,7/31/2025
2656,"Clinical Alliance Services, LLC/Psychology Training",https://membership.appic.org/directory/display/3402,"Cambridge, MA, USA",12/05/2025 11:59 PM EST,Internship,12/4/2025
2653,Cognitive & Behavioral Consultants of Westchester and Manhattan/Clinical Training,https://membership.appic.org/directory/display/3360,"White Plains, NY, USA",11/03/2025 11:59 PM EST,Internship,9/12/2025
2324,Colorado Psychology Internship Consortium (CO-PIC)/Internship Consortium in Psychology,https://membership.appic.org/directory/display/1684,"Avon, CO, USA",11/21/2025 11:59 PM EST,Internship,9/30/2025
2530,Colorado School Psychology Internship Consortium/School Psychology,https://membership.appic.org/directory/display/2769,"Denver, CO, USA",12/15/2025 11:59 PM EST,Internship,7/30/2025
1465,Columbia University Irving Medical Center/NewYork-Presbyterian Hospital/Department of Psychiatry,https://membership.appic.org/directory/display/99,"New York, NY, USA",11/01/2025 11:59 PM EST,Internship,9/14/2025
2125,Columbia Valley Community Health /Behavioral Medicine Department ,https://membership.appic.org/directory/display/795,"Wenatchee, WA, USA",12/03/2025 11:59 PM EST,Internship,11/20/2025
2643,Community Institute for Psychotherapy/Internship ,https://membership.appic.org/directory/display/2683,"San Rafael , CA, USA",01/09/2026 11:59 PM EST,Internship,1/6/2026
2055,Community Services Institute/Springfield,https://membership.appic.org/directory/display/52,"Springfield , MA, USA",11/01/2025 11:59 PM EST,Internship,6/27/2025
2617,Connecticut Psychology Consortium/EASTCONN Advancing Consultation & Coaching to Empower Student Success (ACCESS) Team,https://membership.appic.org/directory/display/3169,"Hampton, CT, USA",12/01/2025 11:59 PM EST,Internship,11/4/2025
2134,Connections Internship Consortium/Clinical Training Department ,https://membership.appic.org/directory/display/473,"Libertyville, IL, USA",11/20/2025 11:59 PM EST,Internship,7/29/2025
2508,Cooper University Hospital/Behavioral Medicine,https://membership.appic.org/directory/display/2625,"Camden, NJ, USA",11/01/2025 11:59 PM EST,Internship,6/30/2025
1487,Creedmoor Psychiatric Center/Psychology Department,https://membership.appic.org/directory/display/2840,"Queens Village, NY, USA",11/01/2025 11:59 PM EST,Internship,7/31/2025
1578,Cypress-Fairbanks Independent School District/Psychological Services,https://membership.appic.org/directory/display/691,"Cypress, TX, USA",11/07/2025 11:59 PM EST,Internship,8/21/2025
2527,Dallas Children's Advocacy Center/Education and Training,https://membership.appic.org/directory/display/2675,"Dallas, TX, USA",12/07/2025 11:59 PM EST,Internship,11/21/2025
2564,Dallas County Juvenile Department/Dallas Count Juvenile Department,https://membership.appic.org/directory/display/2788,"Dallas, TX, USA",11/30/2025 11:59 PM EST,Internship,7/24/2025
2559,Deep Eddy Psychotherapy/Doctoral Internship,https://membership.appic.org/directory/display/2440,"Austin, TX, USA",11/21/2025 11:59 PM EST,Internship,11/18/2025
2110,Dell Medical School/Dell Children's Medical Center Psychology Internship Program/Department of Psychiatry and Behavioral Sciences ,https://membership.appic.org/directory/display/346,"Austin, TX, USA",11/01/2025 11:59 PM EST,Internship,11/19/2025
1173,Denver Health /Behavioral Health Services,https://membership.appic.org/directory/display/345,"Denver, CO, USA",11/01/2025 11:59 PM EST,Internship,9/22/2025
2224,Derner Internship Consortium/Derner School of Psychology,https://membership.appic.org/directory/display/881,"Garden City, NY, USA",11/12/2025 11:59 PM EST,Internship,1/12/2026
1548,Devereux /Institute of Clinical and ProfessionalTraining and Research,https://membership.appic.org/directory/display/79,"Villanova, PA, USA",11/01/2025 11:59 PM EST,Internship,7/22/2025
1947,Devereux Massachusetts/Devereux Massachusetts,https://membership.appic.org/directory/display/325,"Rutland, MA, USA",12/01/2025 11:59 PM EST,Internship,7/15/2025
1413,Duke University/Psychiatry & Behavioral Sciences,https://membership.appic.org/directory/display/205,"Durham, NC, USA",11/02/2025 11:59 PM EST,Internship,9/25/2025
2658,East Tennessee State University/Institute for Integrated Behavioral Health,https://membership.appic.org/directory/display/3412,"Johnson City, TN, USA",12/01/2025 11:59 PM EST,Internship,10/21/2025
2512,Easterseals Rehabilitation Center/Department of Psychology & Wellness,https://membership.appic.org/directory/display/2626,"Evansville, IN, USA",11/01/2025 11:59 PM EST,Internship,6/16/2025
2496,Family Programs Hawaii/Family Strengthening Center,https://membership.appic.org/directory/display/2462,"Honolulu, HI, USA",11/24/2025 11:59 PM EST,Internship,2/20/2026
1307,"Family Service and Guidance Center, Inc./Training and Education",https://membership.appic.org/directory/display/416,"Topeka, KS, USA",11/15/2025 11:59 PM EST,Internship,6/23/2025
1199,Faulk Center for Counseling (formerly Center for Group Counseling)/Psychology Internship Training,https://membership.appic.org/directory/display/440,"Boca Raton, FL, USA",12/01/2025 11:59 PM EST,Internship,7/28/2025
2581,Fayette County Public Schools/Department of Special Education,https://membership.appic.org/directory/display/2887,"Lexington, KY, USA",11/26/2025 11:59 PM EST,Internship,8/8/2025
1222,Federal Bureau of Prisons - FCI/FDC Tallahassee/ Psychology Services/Psychology ,https://membership.appic.org/directory/display/245,"Tallahassee, FL, USA",11/02/2025 11:59 PM EST,Internship,10/30/2025
1224,Florida State University/Florida State University Multidisciplinary Evaluation and Consulting Center (formerly Louise R. Goldhagen),https://membership.appic.org/directory/display/640,"Tallahassee, FL, USA",11/30/2025 11:59 PM EST,Internship,10/24/2025
1328,Franciscan Children's/Behavioral Health Services,https://membership.appic.org/directory/display/246,"Boston, MA, USA",11/10/2025 11:59 PM EST,Internship,10/10/2025
2369,Fraser/Behavioral and Mental Health,https://membership.appic.org/directory/display/1700,"Bloomington, MN, USA",11/07/2025 11:59 PM EST,Internship,7/9/2025
1530,Geisinger Medical Center/Department of Psychiatry,https://membership.appic.org/directory/display/49,"Danville, PA, USA",11/09/2025 11:59 PM EST,Internship,7/30/2025
2497,Genesis Counseling Center/Psychology,https://membership.appic.org/directory/display/2500,"Hampton, VA, USA",11/14/2025 11:59 PM EST,Internship,10/3/2025
2532,Greater Binghamton Health Center/Psychology Department,https://membership.appic.org/directory/display/2849,"Binghamton, NY, USA",12/01/2025 11:59 PM EST,Internship,9/23/2025
2540,Guam Psychology Internship Consortium/Internship Consortium in Clinical Psychology,https://membership.appic.org/directory/display/2891,"Tamuning, GU, USA",12/30/2025 11:59 PM EST,Internship,12/17/2025
2409,Guilford County Schools/Psychological Services,https://membership.appic.org/directory/display/2105,"Pleasant Garden, NC, USA",12/05/2025 11:59 PM EST,Internship,6/26/2025
2157,Hamilton-Madison House/Department of Behavioral Health Services,https://membership.appic.org/directory/display/413,"New York , NY, USA",11/15/2025 11:59 PM EST,Internship,8/18/2025
2501,Harbor Care Health And Wellness Center/Behavioral Health,https://membership.appic.org/directory/display/2458,"Nashua, NH, USA",12/09/2024 11:59 PM EST,Internship,9/23/2024
2000,Harris County Juvenile Probation Department/Forensic Unit,https://membership.appic.org/directory/display/662,"Houston, TX, USA",11/14/2025 11:59 PM EST,Internship,6/23/2025
2479,Harvard Medical School/Baker Center for Children and Families/Department of Psychology,https://membership.appic.org/directory/display/2336,"Boston, MA, USA",11/02/2025 11:59 PM EST,Internship,7/7/2025
1330,Harvard Medical School/Boston Children's Hospital/Department of Psychiatry and Behavioral Sciences,https://membership.appic.org/directory/display/164,"Boston, MA, USA",11/01/2025 11:59 PM EST,Internship,2/10/2026
1329,Harvard Medical School/Massachusetts General Hospital/Department of Psychiatry,https://membership.appic.org/directory/display/406,"Boston, MA, USA",11/01/2025 11:59 PM EST,Internship,9/12/2025
1323,Harvard Medical School/McLean Hospital/Psychology Department,https://membership.appic.org/directory/display/38,"Belmont, MA, USA",11/03/2025 11:59 PM EST,Internship,8/27/2025
2255,Hawaii Psychology Internship Consortium/Internship Consortium in Clinical Psychology,https://membership.appic.org/directory/display/1364,"Waimea, HI, USA",11/01/2025 11:59 PM EST,Internship,9/15/2025
2652,HealthRIGHT 360/SF BH Programs,https://membership.appic.org/directory/display/3392,"San Francisco, CA, USA",12/05/2025 11:59 PM EST,Internship,12/9/2025
1380,Hennepin Healthcare  (formerly Hennepin County Medical Center)/Psychiatry,https://membership.appic.org/directory/display/695,"Minneapolis, MN, USA",11/01/2025 11:59 PM EST,Internship,7/29/2025
1364,Henry Ford Health Sciences Center/Department of Psychiatry ,https://membership.appic.org/directory/display/558,"Detroit, MI, USA",11/07/2025 11:59 PM EST,Internship,10/30/2025
2406,High Plains Psychology Internship Consortium/High Plains Psychology Internship Consortium,https://membership.appic.org/directory/display/2334,"Greeley, CO, USA",12/01/2025 11:59 PM EST,Internship,7/29/2025
1276,Hoffman Estates Department of Health & Human Services/Health and Human Services Division,https://membership.appic.org/directory/display/101,"Hoffman Estates, IL, USA",11/07/2025 11:59 PM EST,Internship,10/13/2025
1961,Holcomb Behavioral Health Systems/Psychology,https://membership.appic.org/directory/display/342,"Exton, PA, USA",11/14/2025 11:59 PM EST,Internship,12/2/2025
1494,Hutchings Psychiatric Center/Psychology Department,https://membership.appic.org/directory/display/509,"Syracuse, NY, USA",11/07/2025 11:59 PM EST,Internship,7/15/2025
1474,Icahn School of Medicine at Mount Sinai /Rehabilitation Psychology/Neuropsychology Services,https://membership.appic.org/directory/display/400,"New York, NY, USA",11/21/2025 11:59 PM EST,Internship,11/7/2025
2558,Illinois Behavioral Health Group/Outpatient Behavioral Health,https://membership.appic.org/directory/display/2896,"Skokie, IL, USA",12/07/2025 11:59 PM EST,Internship,9/30/2025
1132,Illinois School Psychology Internship Consortium/The Chicago School,https://membership.appic.org/directory/display/625,"Chicago, IL, USA",11/21/2025 11:59 PM EST,Internship,9/16/2025
1992,Indian Health Board of Minneapolis/Indian Health Board of Minneapolis,https://membership.appic.org/directory/display/697,"Minneapolis, MN, USA",11/23/2025 11:59 PM EST,Internship,10/29/2025
2601,"Irby Psychological Services, LLC/Psychology",https://membership.appic.org/directory/display/3107,"Southaven, MS, USA",01/08/2027 11:59 PM EST,Internship,1/9/2026
1710,IU Health Ball Memorial Hospital/Family Medicine Residency Center,https://membership.appic.org/directory/display/2049,"Muncie, IN, USA",11/28/2025 11:59 PM EST,Internship,8/11/2025
2434,Jamaica hospital medical Center/Psychiatry,https://membership.appic.org/directory/display/2313,"Jamaica, NY, USA",11/14/2025 11:59 PM EST,Internship,12/15/2025
1780,JCFS Chicago (formerly Jewish Child and Family Services)/Psychological Services,https://membership.appic.org/directory/display/44,"Northbrook, IL, USA",11/01/2025 11:59 PM EST,Internship,7/27/2025
2575,Jersey Shore University Medical Center/Dept. of Psychiatry/Psychology Section,https://membership.appic.org/directory/display/1495,"Neptune, NJ, USA",11/30/2025 11:59 PM EST,Internship,11/14/2025
1482,Jewish Child Care Association/ JCCA/Psychology,https://membership.appic.org/directory/display/313,"Brooklyn, NY, USA",11/15/2025 11:59 PM EST,Internship,3/5/2026
2410,Johns Hopkins All Children's Hospital/Psychology Service,https://membership.appic.org/directory/display/2323,"St. Petersburg, FL, USA",11/15/2025 11:59 PM EST,Internship,7/25/2025
1669,Johns Hopkins University - Mental Health Services/Homewood Counseling Center,https://membership.appic.org/directory/display/379,"Baltimore, MD, USA",11/01/2024 11:59 PM EST,Internship,8/22/2025
2318,Jordan School District/Guidance,https://membership.appic.org/directory/display/1460,"West Jordan, UT, USA",11/21/2025 11:59 PM EST,Internship,11/14/2025
2514,"Kaiser Permanente Medical Center, Santa Rosa/Mental Health and Wellness",https://membership.appic.org/directory/display/2631,"Santa Rosa, CA, USA",11/03/2025 11:59 PM EST,Internship,12/4/2025
2574,Kaiser Permanente Napa-Solano/Department of Psychiatry,https://membership.appic.org/directory/display/2877,"Vallejo, CA, USA",11/01/2025 11:59 PM EST,Internship,7/30/2025
2459,Kaiser Permanente Oakland Psychology Internship/East Bay Medical Center Department of Psychiatry,https://membership.appic.org/directory/display/2513,"Oakland, CA, USA",11/09/2025 11:59 PM EST,Internship,8/29/2025
2633,Kaiser Permanente South Sacramento Psychology Internship/Department of Psychiatry,https://membership.appic.org/directory/display/3313,"Sacramento, CA, USA",12/12/2025 11:59 PM EST,Internship,7/31/2025
2114,Kaiser Permanente Walnut Creek /Mental Health & Addiction Medicine Recovery Services Department,https://membership.appic.org/directory/display/764,"Walnut Creek, CA, USA",11/07/2025 11:59 PM EST,Internship,7/29/2025
2627,"Kaiser Permanente West Bay Psychology Doctoral Internship Consortium/Departments of Psychiatry & Addiction Medicine in Redwood City and South San Francisco, CA",https://membership.appic.org/directory/display/3276,"Redwood City, CA, USA",12/12/2025 11:59 PM EST,Internship,8/21/2025
2421,Kansas City School Psychology Internship /NKC Schools,https://membership.appic.org/directory/display/2088,"Kansas City , MO, USA",11/23/2025 11:59 PM EST,Internship,6/30/2025
1344,Kennedy Krieger Institute/Johns Hopkins University School of Medicine/Behavioral Psychology and Neuropsychology,https://membership.appic.org/directory/display/774,"Baltimore, MD, USA",11/01/2025 11:59 PM EST,Internship,8/21/2025
2463,Kennedy Krieger Institute/Johns Hopkins University School of Medicine/Kennedy Krieger Institute/Johns Hopkins Center for Child and Family Traumatic Stress/Developmental and Behavioral Health,https://membership.appic.org/directory/display/2431,"Baltimore, MD, USA",11/03/2025 11:59 PM EST,Internship,9/11/2025
1450,Kings County Hospital/Behavioral Health - Department of Psychology,https://membership.appic.org/directory/display/4,"Brooklyn, NY, USA",11/15/2025 11:59 PM EST,Internship,7/21/2025
1277,Lake Forest College/Health & Wellness Center,https://membership.appic.org/directory/display/507,"Lake Forest , IL, USA",11/02/2025 11:59 PM EST,Internship,6/27/2025
1471,Lenox Hill  Hospital/Division of Psychological Services/Department of Psychiatry,https://membership.appic.org/directory/display/273,"New York, NY, USA",11/15/2025 11:59 PM EST,Internship,10/23/2025
1585,Lewisville Independent School District/Special Education,https://membership.appic.org/directory/display/74,"Lewisville, TX, USA",11/15/2025 11:59 PM EST,Internship,8/18/2025
2189,"Life Skills Psychological Services, PC/Internship Training",https://membership.appic.org/directory/display/468,"Cadillac, MI, USA",11/14/2025 11:59 PM EST,Internship,7/26/2025
1636,Lincoln Hills/Copper Lake Schools Internship in Health Service Psychology/Wisconsin Department of Corrections,https://membership.appic.org/directory/display/773,"Irma, WI, USA",,Internship,8/19/2025
1447,"Lincoln Medical and Mental Health Center/Department of  Psychiatry, UNIT 4-A",https://membership.appic.org/directory/display/479,"Bronx, NY, USA",11/15/2025 11:59 PM EST,Internship,10/24/2025
1645,Linden Oaks Behavioral Health/Doctoral Training Program,https://membership.appic.org/directory/display/1556,"Naperville, IL, USA",12/05/2025 11:59 PM EST,Internship,1/14/2026
1459,Long Island Jewish Medical Center -The Zucker Hillside Hospital/Psychological Services,https://membership.appic.org/directory/display/592,"Glen Oaks, NY, USA",11/01/2025 11:59 PM EST,Internship,6/19/2025
2412,Lorenz Clinic/Doctoral Internship in Health Service Psychology,https://membership.appic.org/directory/display/3032,"Minnetonka, MN, USA",01/02/2026 11:59 PM EST,Internship,1/6/2026
1213,Mailman Center for Child Development/U Miami School of Medicine/Department of Pediatrics,https://membership.appic.org/directory/display/25,"Miami, FL, USA",11/01/2025 11:59 PM EST,Internship,10/25/2025
2368,Marshall University Joan C. Edwards School of Medicine/Department of Psychiatry & Behavioral Medicine,https://membership.appic.org/directory/display/2194,"Huntington, WV, USA",12/01/2025 11:59 PM EST,Internship,7/31/2025
1627,Mendota Mental Health Institute/Department of Psychology and Research,https://membership.appic.org/directory/display/727,"Madison, WI, USA",11/02/2025 11:59 PM EST,Internship,7/18/2025
2235,Mental Health Center of Florida /Internship Training,https://membership.appic.org/directory/display/258,"Fort Lauderdale, FL, USA",11/07/2025 11:59 PM EST,Internship,8/25/2025
2591,"Metro Nashville Public Schools/Department of Exceptional Education, Psychological Services",https://membership.appic.org/directory/display/3023,"Nashville , TN, USA",12/08/2025 11:59 PM EST,Internship,10/6/2025
2297,MetroHealth Medical Center/Department Psychiatry,https://membership.appic.org/directory/display/1359,"Cleveland, OH, USA",11/01/2025 11:59 PM EST,Internship,10/8/2025
1216,Miami-Dade County/Community Services Department,https://membership.appic.org/directory/display/331,"Miami, FL, USA",11/17/2025 11:59 PM EST,Internship,7/30/2025
2447,Mid-Michigan Psychology Internship Consortium/Michigan State University,https://membership.appic.org/directory/display/2109,"East Lansing, MI, USA",11/15/2025 11:59 PM EST,Internship,11/14/2025
2050,"Mid-Ohio Psychological Services, Inc./Mid Ohio Psychological Services",https://membership.appic.org/directory/display/281,"Columbus , OH, USA",11/21/2025 11:59 PM EST,Internship,10/21/2025
2273,Middlesex Health/Psychiatry,https://membership.appic.org/directory/display/908,"Middletown, CT, USA",11/05/2023 11:59 PM EST,Internship,10/17/2025
1727,Milton Hershey School/Psychological Services,https://membership.appic.org/directory/display/726,"Hershey, PA, USA",11/15/2025 11:59 PM EST,Internship,8/13/2025
1939,MiraCare Neuro Behavioral Health /Private Practice,https://membership.appic.org/directory/display/535,"Palos Heights, IL, USA",11/09/2025 11:59 PM EST,Internship,11/3/2025
2482,Mississippi State University/Student Counselling Services ,https://membership.appic.org/directory/display/2429,"MS State, MS, USA",,Internship,6/17/2025
1388,Missouri Health Sciences Psychology Consortium/Missouri Health Sciences Psychology Consortium,https://membership.appic.org/directory/display/423,"Columbia, MO, USA",11/09/2025 11:59 PM EST,Internship,7/24/2025
1572,Momentous Institute/Mental Health Services,https://membership.appic.org/directory/display/48,"Dallas, TX, USA",11/10/2025 11:59 PM EST,Internship,10/15/2025
2013,Mount Sinai Hospital/Adolescent Health Center,https://membership.appic.org/directory/display/317,"New York City, NY, USA",11/01/2025 11:59 PM EST,Internship,6/18/2025
1479,Mount Sinai Morningside & West  (formerly St. Lukes' and Roosevelt)/Psychology Division of Dept. of Psychiatry,https://membership.appic.org/directory/display/611,"New York, NY, USA",11/02/2025 11:59 PM EST,Internship,7/19/2025
2376,Mount Sinai School of Medicine/Psychiatry,https://membership.appic.org/directory/display/1693,"New York, NY, USA",11/10/2025 11:59 PM EST,Internship,10/22/2025
1982,Mount Washington Pediatric Hospital/Division of Pediatric Psychology and Neuropsychology,https://membership.appic.org/directory/display/760,"Baltimore, MD, USA",11/01/2025 11:59 PM EST,Internship,9/11/2025
1458,Mt. Sinai Services/Elmhurst Hospital Center/Elmhurst Hospital Center,https://membership.appic.org/directory/display/88,"Elmhurst, NY, USA",11/05/2025 11:59 PM EST,Internship,10/31/2025
2308,Natalis Psychology Training Program /Professional Psychology,https://membership.appic.org/directory/display/1699,"St. Paul, MN, USA",11/24/2025 11:59 PM EST,Internship,11/25/2025
1925,National Psychology Training Consortium/ Central Region,https://membership.appic.org/directory/display/131,"Springfield, MO, USA",11/23/2025 11:59 PM EST,Internship,11/10/2025
2044,National Psychology Training Consortium/Cascades Region,https://membership.appic.org/directory/display/654,"Renton, WA, USA",11/23/2025 11:59 PM EST,Internship,11/10/2025
2603,National Psychology Training Consortium/Cy-Hawk Region,https://membership.appic.org/directory/display/3144,"Ankeny, IA, USA",11/23/2025 11:59 PM EST,Internship,11/10/2025
2288,National Psychology Training Consortium/Great Lakes Region,https://membership.appic.org/directory/display/1394,"Noblesville, IN, USA",11/23/2025 11:59 PM EST,Internship,11/10/2025
2637,National Psychology Training Consortium/Pacific Region,https://membership.appic.org/directory/display/3295,"Seattle, WA, USA",11/23/2025 11:59 PM EST,Internship,11/10/2025
1509,Nationwide Children's Hospital/Department of Psychology,https://membership.appic.org/directory/display/474,"Columbus, OH, USA",11/01/2025 11:59 PM EST,Internship,7/25/2025
1416,Nebraska Internship Consortium in Professional Psychology/Educational Psychology,https://membership.appic.org/directory/display/84,"Lincoln, NE, USA",11/01/2025 11:59 PM EST,Internship,10/8/2025
1197,"Nemours Children's Health, Delaware (formerly Nemours/A.I. duPont Hospital for Children)/Division of Psychology",https://membership.appic.org/directory/display/408,"Wilmington, DE, USA",11/01/2025 11:59 PM EST,Internship,10/29/2025
2323,Nevada Psychology Internship Consortium (NV-PIC)/Division of Public and Behavioral Health,https://membership.appic.org/directory/display/1680,"Las Vegas, NV, USA",11/16/2025 11:59 PM EST,Internship,8/22/2025
2493,New Alternatives for Children/Art 31 Mental Health,https://membership.appic.org/directory/display/1676,"New York, NY, USA",11/07/2025 11:59 PM EST,Internship,7/30/2025
2659,New Directions for Young Adults/Psychology,https://membership.appic.org/directory/display/3443,"Deerfield Beach, FL, USA",12/15/2025 11:59 PM EST,Internship,10/20/2025
1442,New York City Children's Center-Queens Campus/Psychology,https://membership.appic.org/directory/display/762,"Bellerose, NY, USA",11/21/2025 11:59 PM EST,Internship,7/31/2025
1476,New York University - Bellevue Hospital Center/Departments of Psychiatry and Child & Adolescent Psychiatry,https://membership.appic.org/directory/display/95,"New York, NY, USA",11/02/2025 11:59 PM EST,Internship,8/8/2025
1475,New York University Langone Medical Center/Rusk Institute of Rehabilitation Medicine,https://membership.appic.org/directory/display/749,"New York, NY, USA",11/14/2025 11:59 PM EST,Internship,11/11/2025
1796,Nicklaus Children's Hospital Psychology Internship Program/Psychology Services,https://membership.appic.org/directory/display/686,"Miami, FL, USA",11/03/2025 11:59 PM EST,Internship,8/25/2025
1444,North Bronx Healthcare Network: Jacobi Medical Center/North Central Bronx Hospital/Behavioral Healthcare Services/Psychology,https://membership.appic.org/directory/display/633,"Bronx, NY, USA",11/07/2025 11:59 PM EST,Internship,8/28/2025
2638,Northeast Tennessee Psychology Internship Consortium/Northeast Tennessee Psychology Internship Consortium,https://membership.appic.org/directory/display/3316,"Kingsport, TN, USA",12/15/2025 11:59 PM EST,Internship,9/30/2025
2237,"Northwell Health (formerly North Shore-LIJ), Staten Island University Hospital/Rehabilitation Medicine",https://membership.appic.org/directory/display/1677,"Staten Island , NY, USA",12/01/2025 11:59 PM EST,Internship,6/4/2025
1204,Nova Southeastern University/South Florida Consortium Internship Program,https://membership.appic.org/directory/display/60,"Fort Lauderdale, FL, USA",11/01/2025 11:59 PM EST,Internship,9/5/2025
1203,Nova Southeastern University Psychology Services Center/College of Psychology,https://membership.appic.org/directory/display/253,"Fort Lauderdale, FL, USA",11/01/2025 11:59 PM EST,Internship,7/27/2025
2531,Ochsner Health/Ochsner Psychology Doctoral Internship,https://membership.appic.org/directory/display/2847,"New Orleans, LA, USA",12/01/2025 11:59 PM EST,Internship,11/14/2025
2528,Oklahoma Private Practice Internship Consortium/Assessment and Behavior Therapy,https://membership.appic.org/directory/display/2756,"Yukon, OK, USA",11/03/2025 11:59 PM EST,Internship,1/6/2026
2611,Oklahoma Professional Psychology Training Consortium/Clinical Training,https://membership.appic.org/directory/display/3183,"McAlester , OK, USA",02/01/2025 11:59 PM EST,Internship,3/8/2026
1525,Oregon Health & Science University - Univ. Center for Excellence on Developmental Disabilities/Child Development and Rehabilitation Center,https://membership.appic.org/directory/display/605,"Portland, OR, USA",11/01/2025 11:59 PM EST,Internship,8/21/2025
1752,Oregon State University/Counseling and Psychological Services,https://membership.appic.org/directory/display/80,"Corvallis, OR, USA",11/01/2025 11:59 PM EST,Internship,8/25/2025
1477,Pace University/Counseling Center,https://membership.appic.org/directory/display/717,"New York, NY, USA",11/01/2025 11:59 PM EST,Internship,6/23/2025
1148,Pacific Clinics/Psychology Internship Program/Clinical Intern Program,https://membership.appic.org/directory/display/470,"Pasadena, CA, USA",11/03/2025 11:59 PM EST,Internship,8/12/2025
1292,"Park Center, Inc./Internship in Clinical and Counseling Psychology",https://membership.appic.org/directory/display/78,"Fort Wayne, IN, USA",12/17/2025 11:59 PM EST,Internship,12/8/2025
2631,Parnes Clinic/Ferkauf Graduate School of Psychology/Yeshiva University,https://membership.appic.org/directory/display/3255,"Bronx, NY, USA",01/18/2026 11:59 PM EST,Internship,10/29/2025
2266,Penn State Milton S. Hershey Medical Center/Psychiatry,https://membership.appic.org/directory/display/1525,"Hershey, PA, USA",11/15/2025 11:59 PM EST,Internship,7/24/2025
2571,People Inc./Behavioral Health,https://membership.appic.org/directory/display/2983,"Williamsville, NY, USA",12/05/2025 11:59 PM EST,Internship,7/7/2025
2052,Phoenix Children's Hospital/Division of Psychology,https://membership.appic.org/directory/display/275,"Phoenix , AZ, USA",11/01/2025 11:59 PM EST,Internship,9/16/2025
1370,Pine Rest/Doctoral Psychology Internship,https://membership.appic.org/directory/display/467,"Grand Rapids, MI, USA",11/17/2025 11:59 PM EST,Internship,10/14/2025
2285,Pittsburgh Psychology Internship Consortium (P-PIC)/-,https://membership.appic.org/directory/display/1558,"Pittsburgh, PA, USA",11/16/2025 11:59 PM EST,Internship,10/23/2025
2492,Pleasantville Union Free School District/Educational Services,https://membership.appic.org/directory/display/2422,"Pleasantville, NY, USA",11/28/2025 11:59 PM EST,Internship,11/5/2025
1534,Portia Bell Hume Behavioral Health and Training Center/Doctoral Internship Training Program,https://membership.appic.org/directory/display/2566,"Concord, CA, USA",12/31/2025 11:59 PM EST,Internship,1/12/2026
2203,Primary Care Psychology Associates/Behavioral Health,https://membership.appic.org/directory/display/310,"Chicago, IL, USA",11/03/2025 11:59 PM EST,Internship,8/7/2025
1601,Primary Children's Hospital/Psychiatry and Behavioral Health,https://membership.appic.org/directory/display/399,"Salt Lake City, UT, USA",11/02/2025 11:59 PM EST,Internship,10/22/2025
2608,Quintessential Health/Clinical Psychology,https://membership.appic.org/directory/display/3157,"Warrington, PA, USA",12/01/2025 11:59 PM EST,Internship,11/14/2025
1678,"RAMS, Inc./National Asian American Psychology Training Center",https://membership.appic.org/directory/display/504,"San Francisco, CA, USA",11/01/2025 11:59 PM EST,Internship,2/9/2026
2456,Richard J. Donovan Correctional/Mental Health Services Delivery System,https://membership.appic.org/directory/display/1594,"San Diego , CA, USA",11/28/2025 11:59 PM EST,Internship,2/27/2026
2091,Riverview Psychiatric Center /Psychology Department,https://membership.appic.org/directory/display/356,"Augusta, ME, USA",11/03/2025 11:59 PM EST,Internship,8/21/2025
2391,Rochester Psychology Internship Consortium/Behavioral Health,https://membership.appic.org/directory/display/2114,"Rochester , NY, USA",12/01/2025 11:59 PM EST,Internship,9/25/2025
2569,Rockland Psychiatric Center/Psychology,https://membership.appic.org/directory/display/2960,"Orangeburg, NY, USA",12/01/2025 11:59 PM EST,Internship,9/26/2025
1430,"Rutgers Biomedical and Health Sciences/Rutgers University Behavioral Health Care,  C-1420",https://membership.appic.org/directory/display/723,"Newark, NJ, USA",11/03/2025 11:59 PM EST,Internship,8/27/2025
1799,"Rutgers Student Health - CAPS/Counseling, ADAP, & Psychiatric Services",https://membership.appic.org/directory/display/1367,"New Brunswick, NJ, USA",11/09/2025 11:59 PM EST,Internship,1/23/2026
1432,Rutgers University Behavioral Health Care- Rutgers Biomedical and Health Sciences/Rutgers University Behavioral Health Care,https://membership.appic.org/directory/display/442,"Piscataway, NJ, USA",11/04/2025 11:59 PM EST,Internship,10/27/2025
1424,RWJBH Trinitas Regional Medical Center/Department of Behavioral Health and Psychiatry,https://membership.appic.org/directory/display/683,"Elizabeth, NJ, USA",11/01/2025 11:59 PM EST,Internship,12/19/2025
2506,Sagamore Children's Psychiatric Center/Psychology Department ,https://membership.appic.org/directory/display/2603,"Dix Hills, NY, USA",11/02/2025 11:59 PM EST,Internship,9/24/2025
1162,Saint John's Child and Family Development Center/Psychology Training Program,https://membership.appic.org/directory/display/552,"Santa Monica, CA, USA",11/01/2025 11:59 PM EST,Internship,9/10/2025
2657,San Antonio Psychology Internship Consortium/Psychology Residency,https://membership.appic.org/directory/display/3474,"San Antonio, TX, USA",12/12/2025 11:59 PM EST,Internship,10/6/2025
2455,Santa Barbara Psychology Internship Consortium/SB-PIC,https://membership.appic.org/directory/display/2305,"Santa Barbara, CA, USA",12/02/2025 11:59 PM EST,Internship,7/30/2025
1659,Sarah A. Reed Children's Center/Psychology Department,https://membership.appic.org/directory/display/43,"Erie, PA, USA",11/10/2024 11:59 PM EST,Internship,1/22/2025
1757,"Shared Vision Psychological Services, Inc./Clinical Training Program",https://membership.appic.org/directory/display/441,"Oak Brook , IL, USA",11/01/2025 11:59 PM EST,Internship,8/26/2025
1153,Sharp HealthCare/Doctoral Internship in Clinical Psychology,https://membership.appic.org/directory/display/170,"San Diego, CA, USA",11/02/2025 11:59 PM EST,Internship,7/16/2025
2488,Solutions Behavioral Healthcare Professionals/Psychology,https://membership.appic.org/directory/display/2396,"Moorhead, MN, USA",12/05/2025 11:59 PM EST,Internship,1/12/2026
1218,South Florida Evaluation and Treatment Center/Psychology Services,https://membership.appic.org/directory/display/520,"Florida City, FL, USA",12/26/2025 11:59 PM EST,Internship,8/25/2025
1296,"Southlake Community Mental Health Center, Inc  DBA Regional Mental Health Center/Regional Health Services Pre-Doctoral Internship",https://membership.appic.org/directory/display/591,"Merrillville, IN, USA",11/28/2025 11:59 PM EST,Internship,10/30/2025
2035,Southwest Behavioral & Health Services/Training Institute,https://membership.appic.org/directory/display/642,"Phoenix, AZ, USA",11/11/2025 11:59 PM EST,Internship,6/4/2025
2261,SSM Health (formerly Agnesian Healthcare)/Behavioral Health,https://membership.appic.org/directory/display/1425,"Fond du Lac, WI, USA",11/29/2024 11:59 PM EST,Internship,11/4/2025
2565,St. Christopher's Hospital for Children/Department of Pediatrics,https://membership.appic.org/directory/display/2941,"Philadelphia, PA, USA",11/14/2025 11:59 PM EST,Internship,7/30/2025
2552,Sunset Terrace Family Health Center at NYU Langone/Ambulatory Behavioral Health,https://membership.appic.org/directory/display/2893,"BROOKLYN, NY, USA",12/12/2025 11:59 PM EST,Internship,7/30/2025
2521,SUNY Buffalo State University/Counseling Center,https://membership.appic.org/directory/display/2679,"Buffalo, NY, USA",11/30/2025 11:59 PM EST,Internship,11/24/2025
1747,Superior Court of the District of Columbia/Child Guidance Clinic,https://membership.appic.org/directory/display/564,"Washington, DC, USA",11/14/2025 11:59 PM EST,Internship,11/14/2025
2538,Syracuse University/Barnes Center at The Arch Counseling,https://membership.appic.org/directory/display/2781,"Syracuse, NY, USA",11/25/2025 11:59 PM EST,Internship,10/31/2025
1907,Temple University/Tuttleman Counseling Services,https://membership.appic.org/directory/display/203,"Philadelphia, PA, USA",11/01/2025 11:59 PM EST,Internship,7/24/2025
1556,Tennessee Internship Consortium in Psychology/TIC/Little Tenn. Valley Ed. Cooperative,https://membership.appic.org/directory/display/451,"Loudon, TN, USA",11/01/2025 11:59 PM EST,Internship,11/7/2025
2592,Texas Tech University Health Sciences Center Lubbock/Department of Psychiatry,https://membership.appic.org/directory/display/3106,"Lubbock, TX, USA",11/01/2025 11:59 PM EST,Internship,7/28/2025
2630,Texas Telehealth Internship Consortium/Texas Telehealth Internship Consortium,https://membership.appic.org/directory/display/3182,"College Station, TX, USA",11/14/2025 11:59 PM EST,Internship,2/5/2026
2650,The Arc of Central Alabama/Behavior Support,https://membership.appic.org/directory/display/3280,"Birmingham, AL, USA",11/01/2025 11:59 PM EST,Internship,3/6/2026
1596,The Children's Center Utah/Psychology Internship Training Program,https://membership.appic.org/directory/display/189,"West Valley City, UT, USA",11/19/2025 11:59 PM EST,Internship,3/2/2026
1103,The Harris County Children's Assessment Center/Therapy and Psychological Services,https://membership.appic.org/directory/display/179,"Houston, TX, USA",11/30/2025 11:59 PM EST,Internship,6/26/2025
1164,The Help Group/Training Department,https://membership.appic.org/directory/display/169,"Sherman Oaks, CA, USA",11/19/2025 11:59 PM EST,Internship,1/28/2026
2589,The Jane Pauley Community Health Center/Integrated Behavioral Health,https://membership.appic.org/directory/display/3057,"Anderson, IN, USA",11/30/2025 11:59 PM EST,Internship,12/9/2025
1711,"The May Institute, Inc./Doctoral Internship Program in Clinical Psychology",https://membership.appic.org/directory/display/295,"Randolph, MA, USA",11/14/2025 11:59 PM EST,Internship,9/17/2025
1511,The Ohio State University/Counseling and Consultation Service,https://membership.appic.org/directory/display/780,"Columbus, OH, USA",11/02/2025 11:59 PM EST,Internship,7/16/2025
2022,The School at Columbia University/Child Support Team,https://membership.appic.org/directory/display/178,"New York, NY, USA",11/14/2025 11:59 PM EST,Internship,6/16/2025
1568,The University of Texas at Austin/Counseling and Mental Health Center,https://membership.appic.org/directory/display/766,"Austin, TX, USA",11/01/2025 11:59 PM EST,Internship,7/30/2025
1588,The University of Texas at San Antonio Joe R. and Teresa Lozano Long School of Medicine/Department of Psychiatry and Behavioral Sciences,https://membership.appic.org/directory/display/505,"San Antonio, TX, USA",11/30/2025 11:59 PM EST,Internship,8/7/2025
1181,"The Village for Families & Children, Inc./Enhanced Care Clinic",https://membership.appic.org/directory/display/421,"Hartford, CT, USA",11/01/2025 11:59 PM EST,Internship,7/28/2025
2648,Toribio Psychological Services/Psychology,https://membership.appic.org/directory/display/3248,"Fresno, CA, USA",12/22/2025 11:59 PM EST,Internship,11/20/2025
2029,Travis County Juvenile Probation Department /Travis County Psychology Internship Program,https://membership.appic.org/directory/display/252,"Austin, TX, USA",11/01/2025 11:59 PM EST,Internship,7/25/2025
2537,UC Berkeley/Berkeley Psychology Internship Consortium,https://membership.appic.org/directory/display/2822,"Berkeley, CA, USA",11/30/2025 11:59 PM EST,Internship,6/26/2025
1771,"UC Davis Children's Hospital/CAARE Diagnostic &Treatment Center, Department of Pediatrics",https://membership.appic.org/directory/display/165,"Sacramento, CA, USA",11/01/2025 11:59 PM EST,Internship,11/13/2025
1663,"University at Albany, State University of New York/Counseling and Psychological Services",https://membership.appic.org/directory/display/702,"Albany, NY, USA",11/10/2025 11:59 PM EST,Internship,7/29/2025
2523,University at Buffalo/Psychiatry,https://membership.appic.org/directory/display/2746,"Buffalo, NY, USA",11/14/2025 11:59 PM EST,Internship,9/30/2025
2522,University of Arizona/Department of Disability and Psychoeducational Studies,https://membership.appic.org/directory/display/2745,"Tucson, AZ, USA",12/07/2025 11:59 PM EST,Internship,11/27/2025
1111,University of Arizona College of Medicine/Department of Psychiatry,https://membership.appic.org/directory/display/24,"Tucson, AZ, USA",11/14/2025 11:59 PM EST,Internship,8/25/2025
1115,"University of California, Berkeley/Counseling and Psychological Services",https://membership.appic.org/directory/display/368,"Berkeley, CA, USA",11/01/2025 11:59 PM EST,Internship,6/26/2025
2556,"University of California, Davis/UC Davis MIND Institute Doctoral Internship",https://membership.appic.org/directory/display/2796,"Sacramento, CA, USA",11/01/2025 11:59 PM EST,Internship,11/3/2025
2457,"University of California, Davis Health/Department of Psychiatry and Behavioral Sciences, Clinical Child and Adolescent Psychology (CCAP) Internship Program",https://membership.appic.org/directory/display/2200,"Sacramento, CA, USA",11/02/2025 11:59 PM EST,Internship,7/9/2025
2037,University of Central Florida (UCF)/Counseling and Psychological Services (CAPS),https://membership.appic.org/directory/display/729,"Orlando, FL, USA",11/01/2024 11:59 PM EST,Internship,6/30/2025
1176,"University of Denver, Graduate School of Professional Psychology/Internship Consortium",https://membership.appic.org/directory/display/862,"Denver, CO, USA",11/04/2025 11:59 PM EST,Internship,10/27/2025
2651,University of Florida/Psychiatry,https://membership.appic.org/directory/display/3367,"Gainesville, FL, USA",12/01/2025 11:59 PM EST,Internship,9/18/2025
1582,University of Houston/Counseling and Psychological Services,https://membership.appic.org/directory/display/696,"Houston, TX, USA",11/06/2025 11:59 PM EST,Internship,7/31/2025
1265,University of Illinois at Chicago/Psychiatry Department,https://membership.appic.org/directory/display/748,"Chicago, IL, USA",11/01/2025 11:59 PM EST,Internship,7/30/2025
1314,University of Louisville School of Medicine/Department of Pediatrics,https://membership.appic.org/directory/display/797,"Louisville, KY, USA",11/02/2025 11:59 PM EST,Internship,7/31/2025
1341,University of Massachusetts Chan Medical School/Worcester Recovery Center and Hospital (formerly Worcester State Hospital)/Psychology,https://membership.appic.org/directory/display/234,"Worcester, MA, USA",11/01/2025 11:59 PM EST,Internship,7/8/2025
1650,University of Michigan/Mary A. Rackham Institute Internship Program,https://membership.appic.org/directory/display/816,"Ann Arbor, MI, USA",11/01/2025 11:59 PM EST,Internship,10/20/2025
1381,University of Minnesota Medical School/Department of Pediatrics,https://membership.appic.org/directory/display/135,"Minneapolis, MN, USA",11/01/2025 11:59 PM EST,Internship,11/10/2025
1389,University of Missouri/Counseling Center,https://membership.appic.org/directory/display/90,"Columbia, MO, USA",11/15/2025 11:59 PM EST,Internship,6/6/2025
2293,University of Nevada Las Vegas/Student Counseling and Psychological Services,https://membership.appic.org/directory/display/1473,"Las Vegas, NV, USA",11/15/2025 11:59 PM EST,Internship,7/31/2025
2382,"University of Nevada, Reno/Counseling Services",https://membership.appic.org/directory/display/2096,"Reno, NV, USA",11/23/2025 11:59 PM EST,Internship,9/23/2025
1436,University of New Mexico Health Sciences Center/Department of Psychiatry and Behavioral Sciences,https://membership.appic.org/directory/display/220,"Albuquerque, NM, USA",11/01/2025 11:59 PM EST,Internship,10/29/2025
1409,University of North Carolina SOM - Clinical Psych/Department of Psychiatry,https://membership.appic.org/directory/display/144,"Chapel Hill, NC, USA",11/01/2025 11:59 PM EST,Internship,8/28/2025
2435,University of North Florida/Counseling Center,https://membership.appic.org/directory/display/2298,"Jacksonville, FL, USA",11/02/2025 11:59 PM EST,Internship,11/4/2025
1536,University of Pennsylvania Department of Psychiatry/Department of Psychiatry,https://membership.appic.org/directory/display/384,"Philadelphia, PA, USA",11/01/2025 11:59 PM EST,Internship,6/20/2025
2610,University of Richmond/Counseling and Psychological Services (CAPS),https://membership.appic.org/directory/display/2968,"Richmond, VA, USA",12/07/2025 11:59 PM EST,Internship,12/1/2025
1226,University of South Florida/Counseling Center ,https://membership.appic.org/directory/display/372,"Tampa, FL, USA",11/14/2025 11:59 PM EST,Internship,10/8/2025
2499,University of South Florida/USF Health Doctoral Internship ,https://membership.appic.org/directory/display/2600,"Tampa, FL, USA",11/01/2025 11:59 PM EST,Internship,8/25/2025
1560,University of Tennessee Health Science Center/Department of Psychiatry,https://membership.appic.org/directory/display/216,"Memphis, TN, USA",11/01/2025 11:59 PM EST,Internship,7/8/2025
2294,"University of Texas Health Science Center, Houston/Psychiatry and Behavioral Sciences",https://membership.appic.org/directory/display/913,"Houston, TX, USA",11/03/2025 11:59 PM EST,Internship,9/19/2025
1272,University of the Pacific/Counseling and Psychological Services  ,https://membership.appic.org/directory/display/680,"Stockton , CA, USA",11/21/2023 11:59 PM EST,Internship,12/13/2023
1597,"University of Utah, Huntsman Mental Health Institute (HMHI)/Psychology Training",https://membership.appic.org/directory/display/769,"Salt Lake City, UT, USA",11/15/2025 11:59 PM EST,Internship,11/20/2025
1619,University of Washington School of Medicine/Dept of Psychiatry & Behavioral Sciences,https://membership.appic.org/directory/display/222,"Seattle, WA, USA",11/03/2025 11:59 PM EST,Internship,7/29/2025
1628,University of Wisconsin/University of Wisconsin SMPH - Dept. of Psychiatry,https://membership.appic.org/directory/display/377,"Madison, WI, USA",11/03/2025 11:59 PM EST,Internship,10/28/2025
2487,Utah Psychology Internship Consortium/Utah Psychology Internship Consortium,https://membership.appic.org/directory/display/2638,"American Fork, UT, USA",11/18/2025 11:59 PM EST,Internship,2/24/2026
1594,Utah State Hospital/Psychology Services,https://membership.appic.org/directory/display/7,"Provo, UT, USA",11/03/2025 11:59 PM EST,Internship,7/24/2025
1139,VA - Los Angeles Ambulatory Care Center/Psychology Service (116B),https://membership.appic.org/directory/display/744,"Los Angeles, CA, USA",11/03/2025 11:59 PM EST,Internship,7/30/2025
1347,VA Maryland Health Care System/VAMHCS/UM SOM Psychology Internship Consortium,https://membership.appic.org/directory/display/597,"Baltimore, MD, USA",11/05/2025 11:59 PM EST,Internship,7/31/2025
2349,"VA Medical Center, Martinsburg/Mental Health Service",https://membership.appic.org/directory/display/1580,"Martinsburg, WV, USA",12/01/2025 11:59 PM EST,Internship,7/31/2025
1453,"VA New York Harbor Healthcare System, Brooklyn Campus/Psychology Service (116B)",https://membership.appic.org/directory/display/846,"Brooklyn, NY, USA",11/01/2025 11:59 PM EST,Internship,7/30/2025
1480,Veterans Affairs NY Harbor Health Care System-Manhattan Campus/Psychology Internship Training Program,https://membership.appic.org/directory/display/134,"New York, NY, USA",11/01/2025 11:59 PM EST,Internship,9/15/2025
1693,Virginia Beach City Public Schools/Psychological Services,https://membership.appic.org/directory/display/58,"Virginia Beach, VA, USA",12/01/2025 11:59 PM EST,Internship,6/25/2025
1373,Walter Reuther Psychiatric Hospital - Youth/Child and Adolescent Psychology Department,https://membership.appic.org/directory/display/76,"Westland, MI, USA",11/12/2025 11:59 PM EST,Internship,12/16/2025
2662,Waypoint Wellness Center/Training,https://membership.appic.org/directory/display/3189,"Annapolis, MD, USA",01/16/2026 11:59 PM EST,Internship,12/29/2025
2164,WellSpan Philhaven CBT/WellSpan Philhaven ,https://membership.appic.org/directory/display/213,"York , PA, USA",12/01/2025 11:59 PM EST,Internship,9/23/2025
1639,"West Virginia University School of Medicine, Morgantown/Department of Behavioral Medicine & Psychiatry",https://membership.appic.org/directory/display/586,"Morgantown, WV, USA",11/01/2025 11:59 PM EST,Internship,11/13/2025
2494,Westchester Institute for Human Development /Psychology Training ,https://membership.appic.org/directory/display/2702,"Valhalla, NY, USA",11/21/2025 11:59 PM EST,Internship,7/30/2025
1460,Westchester Jewish Community Services/Psychology Department,https://membership.appic.org/directory/display/820,"White Plains, NY, USA",11/24/2025 11:59 PM EST,Internship,8/25/2025
2026,WestCoast Children's Clinic/Internship Training Program,https://membership.appic.org/directory/display/580,"Oakland, CA, USA",11/02/2025 11:59 PM EST,Internship,12/1/2025
2132,Western Carolina University /Counseling and Psychological Services (CAPS),https://membership.appic.org/directory/display/319,"Cullowhee, NC, USA",11/16/2025 11:59 PM EST,Internship,11/11/2025
2567,Western New York Children's Psychiatric Center/Psychology,https://membership.appic.org/directory/display/2955,"West Seneca, NY, USA",12/01/2025 11:59 PM EST,Internship,10/28/2025
1310,Western State Hospital Internship Program/Western State Hospital,https://membership.appic.org/directory/display/137,"Hopkinsville, KY, USA",11/21/2025 11:59 PM EST,Internship,6/19/2025
2597,White Birch Educational Services/School Psychology ,https://membership.appic.org/directory/display/3052,"Exeter, NH, USA",12/01/2025 11:59 PM EST,Internship,2/5/2026
2642,Wisdom Institute /Psychology,https://membership.appic.org/directory/display/3298,"Sacramento, CA, USA",11/03/2025 11:59 PM EST,Internship,7/27/2025
1746,Woodhull Medical Center/Psychological Services- Room 5A-12,https://membership.appic.org/directory/display/244,"Brooklyn, NY, USA",11/28/2025 11:59 PM EST,Internship,6/23/2025
1184,Yale University/Child Study Center,https://membership.appic.org/directory/display/503,"New Haven, CT, USA",11/01/2025 11:59 PM EST,Internship,6/6/2025
1251,Youth Consultation Service/YCS Institute,https://membership.appic.org/directory/display/195,"East Orange, NJ, USA",11/17/2025 11:59 PM EST,Internship,9/24/2025
1298,Youth Opportunity Center/Psychological Services Center,https://membership.appic.org/directory/display/433,"Muncie, IN, USA",11/15/2025 11:59 PM EST,Internship,11/6/2025
